PaulSabatier;M1 Physique;L3 Chimie;20;29
PaulSabatier;M1 Physique;L3 Chimie;20;29
PaulSabatier;M1 Physique;L3 Phisique;20;29
PaulSabatier;M1 Physique;L3 Chimie;20;29
PaulSabatier;M1 Physique;L3 Phisique;20;29
PaulSabatier;M1 STAPS;L3 STAPS;20;20
PaulSabatier;M1 Physique;L3 Chimie;20;29
PaulSabatier;M1 Physique;L3 Phisique;20;29
PaulSabatier;M1 STAPS;L3 STAPS;20;20
PaulSabatier;M1 Informatique;L3 Informatique;20;26
PaulSabatier;M1 Physique;L3 Chimie;20;29
PaulSabatier;M1 Physique;L3 Phisique;20;29
PaulSabatier;M1 STAPS;L3 STAPS;20;20
PaulSabatier;M1 Informatique;L3 Informatique;20;26
PaulSabatier;M1 Informatique;L3 Informatique Statistiques;20;26
PaulSabatier;M1 Physique;L3 Chimie;20;29
PaulSabatier;M1 Physique;L3 Phisique;20;29
PaulSabatier;M1 STAPS;L3 STAPS;20;20
PaulSabatier;M1 Informatique;L3 Informatique;20;26
PaulSabatier;M1 Informatique;L3 Informatique Statistiques;20;26
PaulSabatier;M1 Informatique;L3 Miage;20;26
PaulSabatier;M1 Physique;L3 Chimie;20;29
PaulSabatier;M1 Physique;L3 Phisique;20;29
PaulSabatier;M1 STAPS;L3 STAPS;20;20
PaulSabatier;M1 Informatique;L3 Informatique;20;26
PaulSabatier;M1 Informatique;L3 Informatique Statistiques;20;26
PaulSabatier;M1 Informatique;L3 Miage;20;26
PaulSabatier;M1 Miage;L3 Miage;20;22
PaulSabatier;M1 Physique;L3 Chimie;20;29
PaulSabatier;M1 Physique;L3 Phisique;20;29
PaulSabatier;M1 STAPS;L3 STAPS;20;20
PaulSabatier;M1 Informatique;L3 Informatique;20;26
PaulSabatier;M1 Informatique;L3 Informatique Statistiques;20;26
PaulSabatier;M1 Informatique;L3 Miage;20;26
PaulSabatier;M1 Miage;L3 Miage;20;22
PaulSabatier;M1 Miage;L3 Informatique;20;22
PaulSabatier;M1 Physique;L3 Chimie;20;29
PaulSabatier;M1 Physique;L3 Phisique;20;29
PaulSabatier;M1 STAPS;L3 STAPS;20;20
PaulSabatier;M1 Informatique;L3 Informatique;20;26
PaulSabatier;M1 Informatique;L3 Informatique Statistiques;20;26
PaulSabatier;M1 Informatique;L3 Miage;20;26
PaulSabatier;M1 Miage;L3 Miage;20;22
PaulSabatier;M1 Miage;L3 Informatique;20;22
PaulSabatier;M1 Miage;L3 Informatique Statistiques;20;22
PaulSabatier;M1 Physique;L3 Chimie;20;29
PaulSabatier;M1 Physique;L3 Phisique;20;29
PaulSabatier;M1 STAPS;L3 STAPS;20;20
PaulSabatier;M1 Informatique;L3 Informatique;20;26
PaulSabatier;M1 Informatique;L3 Informatique Statistiques;20;26
PaulSabatier;M1 Informatique;L3 Miage;20;26
PaulSabatier;M1 Miage;L3 Miage;20;22
PaulSabatier;M1 Miage;L3 Informatique;20;22
PaulSabatier;M1 Miage;L3 Informatique Statistiques;20;22
PaulSabatier;M1 Informatique Statistiques;L3 Informatique;20;30
PaulSabatier;M1 Physique;L3 Chimie;20;29
PaulSabatier;M1 Physique;L3 Phisique;20;29
PaulSabatier;M1 STAPS;L3 STAPS;20;20
PaulSabatier;M1 Informatique;L3 Informatique;20;26
PaulSabatier;M1 Informatique;L3 Informatique Statistiques;20;26
PaulSabatier;M1 Informatique;L3 Miage;20;26
PaulSabatier;M1 Miage;L3 Miage;20;22
PaulSabatier;M1 Miage;L3 Informatique;20;22
PaulSabatier;M1 Miage;L3 Informatique Statistiques;20;22
PaulSabatier;M1 Informatique Statistiques;L3 Informatique;20;30
PaulSabatier;M1 Informatique Statistiques;L3 Informatique Statistiques;20;30
PaulSabatier;M1 Physique;L3 Chimie;20;29
PaulSabatier;M1 Physique;L3 Phisique;20;29
PaulSabatier;M1 STAPS;L3 STAPS;20;20
PaulSabatier;M1 Informatique;L3 Informatique;20;26
PaulSabatier;M1 Informatique;L3 Informatique Statistiques;20;26
PaulSabatier;M1 Informatique;L3 Miage;20;26
PaulSabatier;M1 Miage;L3 Miage;20;22
PaulSabatier;M1 Miage;L3 Informatique;20;22
PaulSabatier;M1 Miage;L3 Informatique Statistiques;20;22
PaulSabatier;M1 Informatique Statistiques;L3 Informatique;20;30
PaulSabatier;M1 Informatique Statistiques;L3 Informatique Statistiques;20;30
PaulSabatier;M1 Informatique Statistiques;L3 Miage;20;30
PaulSabatier;M1 Physique;L3 Chimie;20;29
PaulSabatier;M1 Physique;L3 Phisique;20;29
PaulSabatier;M1 STAPS;L3 STAPS;20;20
PaulSabatier;M1 Informatique;L3 Informatique;20;26
PaulSabatier;M1 Informatique;L3 Informatique Statistiques;20;26
PaulSabatier;M1 Informatique;L3 Miage;20;26
PaulSabatier;M1 Miage;L3 Miage;20;22
PaulSabatier;M1 Miage;L3 Informatique;20;22
PaulSabatier;M1 Miage;L3 Informatique Statistiques;20;22
PaulSabatier;M1 Informatique Statistiques;L3 Informatique;20;30
PaulSabatier;M1 Informatique Statistiques;L3 Informatique Statistiques;20;30
PaulSabatier;M1 Informatique Statistiques;L3 Miage;20;30
PaulSabatier;M1 Chimie;L3 Chimie;20;27
PaulSabatier;M1 Physique;L3 Chimie;20;29
PaulSabatier;M1 Physique;L3 Phisique;20;29
PaulSabatier;M1 STAPS;L3 STAPS;20;20
PaulSabatier;M1 Informatique;L3 Informatique;20;26
PaulSabatier;M1 Informatique;L3 Informatique Statistiques;20;26
PaulSabatier;M1 Informatique;L3 Miage;20;26
PaulSabatier;M1 Miage;L3 Miage;20;22
PaulSabatier;M1 Miage;L3 Informatique;20;22
PaulSabatier;M1 Miage;L3 Informatique Statistiques;20;22
PaulSabatier;M1 Informatique Statistiques;L3 Informatique;20;30
PaulSabatier;M1 Informatique Statistiques;L3 Informatique Statistiques;20;30
PaulSabatier;M1 Informatique Statistiques;L3 Miage;20;30
PaulSabatier;M1 Chimie;L3 Chimie;20;27
PaulSabatier;M1 Chimie;L3 Phisique;20;27
PaulSabatier;M1 Physique;L3 Chimie;20;29
PaulSabatier;M1 Physique;L3 Phisique;20;29
PaulSabatier;M1 STAPS;L3 STAPS;20;20
PaulSabatier;M1 Informatique;L3 Informatique;20;26
PaulSabatier;M1 Informatique;L3 Informatique Statistiques;20;26
PaulSabatier;M1 Informatique;L3 Miage;20;26
PaulSabatier;M1 Miage;L3 Miage;20;22
PaulSabatier;M1 Miage;L3 Informatique;20;22
PaulSabatier;M1 Miage;L3 Informatique Statistiques;20;22
PaulSabatier;M1 Informatique Statistiques;L3 Informatique;20;30
PaulSabatier;M1 Informatique Statistiques;L3 Informatique Statistiques;20;30
PaulSabatier;M1 Informatique Statistiques;L3 Miage;20;30
PaulSabatier;M1 Chimie;L3 Chimie;20;27
PaulSabatier;M1 Chimie;L3 Phisique;20;27
PaulSabatier;M1 Statistiques;L3 Statistiques;20;28
PaulSabatier;M1 Physique;L3 Chimie;20;29
PaulSabatier;M1 Physique;L3 Phisique;20;29
PaulSabatier;M1 STAPS;L3 STAPS;20;20
PaulSabatier;M1 Informatique;L3 Informatique;20;26
PaulSabatier;M1 Informatique;L3 Informatique Statistiques;20;26
PaulSabatier;M1 Informatique;L3 Miage;20;26
PaulSabatier;M1 Miage;L3 Miage;20;22
PaulSabatier;M1 Miage;L3 Informatique;20;22
PaulSabatier;M1 Miage;L3 Informatique Statistiques;20;22
PaulSabatier;M1 Informatique Statistiques;L3 Informatique;20;30
PaulSabatier;M1 Informatique Statistiques;L3 Informatique Statistiques;20;30
PaulSabatier;M1 Informatique Statistiques;L3 Miage;20;30
PaulSabatier;M1 Chimie;L3 Chimie;20;27
PaulSabatier;M1 Chimie;L3 Phisique;20;27
PaulSabatier;M1 Statistiques;L3 Statistiques;20;28
PaulSabatier;M1 Informatique Santé;L3 Informatique;20;27
PaulSabatier;M1 Physique;L3 Chimie;20;29
PaulSabatier;M1 Physique;L3 Phisique;20;29
PaulSabatier;M1 STAPS;L3 STAPS;20;20
PaulSabatier;M1 Informatique;L3 Informatique;20;26
PaulSabatier;M1 Informatique;L3 Informatique Statistiques;20;26
PaulSabatier;M1 Informatique;L3 Miage;20;26
PaulSabatier;M1 Miage;L3 Miage;20;22
PaulSabatier;M1 Miage;L3 Informatique;20;22
PaulSabatier;M1 Miage;L3 Informatique Statistiques;20;22
PaulSabatier;M1 Informatique Statistiques;L3 Informatique;20;30
PaulSabatier;M1 Informatique Statistiques;L3 Informatique Statistiques;20;30
PaulSabatier;M1 Informatique Statistiques;L3 Miage;20;30
PaulSabatier;M1 Chimie;L3 Chimie;20;27
PaulSabatier;M1 Chimie;L3 Phisique;20;27
PaulSabatier;M1 Statistiques;L3 Statistiques;20;28
PaulSabatier;M1 Informatique Santé;L3 Informatique;20;27
PaulSabatier;M1 Informatique Santé;L3 Informatique Statistiques;20;27
PaulSabatier;M1 Physique;L3 Chimie;20;29
PaulSabatier;M1 Physique;L3 Phisique;20;29
PaulSabatier;M1 STAPS;L3 STAPS;20;20
PaulSabatier;M1 Informatique;L3 Informatique;20;26
PaulSabatier;M1 Informatique;L3 Informatique Statistiques;20;26
PaulSabatier;M1 Informatique;L3 Miage;20;26
PaulSabatier;M1 Miage;L3 Miage;20;22
PaulSabatier;M1 Miage;L3 Informatique;20;22
PaulSabatier;M1 Miage;L3 Informatique Statistiques;20;22
PaulSabatier;M1 Informatique Statistiques;L3 Informatique;20;30
PaulSabatier;M1 Informatique Statistiques;L3 Informatique Statistiques;20;30
PaulSabatier;M1 Informatique Statistiques;L3 Miage;20;30
PaulSabatier;M1 Chimie;L3 Chimie;20;27
PaulSabatier;M1 Chimie;L3 Phisique;20;27
PaulSabatier;M1 Statistiques;L3 Statistiques;20;28
PaulSabatier;M1 Informatique Santé;L3 Informatique;20;27
PaulSabatier;M1 Informatique Santé;L3 Informatique Statistiques;20;27
PaulSabatier;M1 Informatique Santé;L3 Miage;20;27
